{ 
    "postes": [
      "Tous",
      "Talonneur",
      "Pilier",
      "2ème ligne",
      "3ème ligne",
      "Mêlée",
      "Ouverture",
      "Centre",
      "Ailier",
      "Arrière",
      "Test"
    ],
    "listeJoueurs": [
      {
        "nom": "Aguillon",
        "prenom": "Pierre",
        "poste": "Centre",
        "taille": 180,
        "poids": 93,
        "age": 32,
        "nationalite": "France",
        "surnom": "",
        "arriveeClub": "",
        "finContrat": "",
        "formation": "JIFF",
        "instagram": "@pierre.aguillon3265",
        "twitter": "",
        "image": "aguillon.png"
      },
      {
        "nom": "Alldritt",
        "prenom": "Greg",
        "poste": "3ème ligne",
        "taille": 190,
        "poids": 107,
        "age": 22,
        "nationalite": "France",
        "surnom": "",
        "arriveeClub": "",
        "finContrat": "",
        "formation": "JIFF",
        "instagram": "",
        "twitter": "@gregalldritt",
        "image": "alldritt.png"
      },
      {
        "nom": "Andreu",
        "prenom": "Marc",
        "poste": "Ailier",
        "taille": 170,
        "poids": 75,
        "age": 33,
        "nationalite": "France",
        "surnom": "",
        "arriveeClub": "",
        "finContrat": "",
        "formation": "JIFF",
        "instagram": "@andreu_marc",
        "twitter": "@chaw32",
        "image": "andreu.png"
      },
      {
        "nom": "Aouf",
        "prenom": "Léo",
        "poste": "Pilier",
        "taille": 182,
        "poids": 117,
        "age": 22,
        "nationalite": "France",
        "surnom": "",
        "arriveeClub": "",
        "finContrat": "",
        "formation": "JIFF",
        "instagram": "",
        "twitter": "",
        "image": ""
      },
      {
        "nom": "Atonio",
        "prenom": "Uini",
        "poste": "Pilier",
        "taille": 196,
        "poids": 152,
        "age": 29,
        "nationalite": "Nouvelle-Zélande",
        "surnom": "",
        "arriveeClub": "",
        "finContrat": "",
        "formation": "NON JIFF",
        "instagram": "",
        "twitter": "",
        "image": "atonio.png"
      },
      {
        "nom": "Balès",
        "prenom": "Alexi",
        "poste": "Mêlée",
        "taille": 174,
        "poids": 80,
        "age": 28,
        "nationalite": "France",
        "surnom": "",
        "arriveeClub": "",
        "finContrat": "",
        "formation": "JIFF",
        "instagram": "",
        "twitter": "",
        "image": "bales.png"
      },
      {
        "nom": "Berjon",
        "prenom": "Thomas",
        "poste": "Mêlée",
        "taille": 0,
        "poids": 0,
        "age": 21,
        "nationalite": "France",
        "surnom": "",
        "arriveeClub": "",
        "finContrat": "",
        "formation": "JIFF",
        "instagram": "",
        "twitter": "",
        "image": ""
      },
      {
        "nom": "Botia",
        "prenom": "Levani",
        "poste": "3ème ligne",
        "taille": 182,
        "poids": 103,
        "age": 30,
        "nationalite": "Fidji",
        "surnom": "",
        "arriveeClub": "",
        "finContrat": "",
        "formation": "NON JIFF",
        "instagram": "",
        "twitter": "",
        "image": "botia.png"
      },
      {
        "nom": "Boudehent",
        "prenom": "Paul",
        "poste": "3ème ligne",
        "taille": 193,
        "poids": 97,
        "age": 19,
        "nationalite": "France",
        "surnom": "",
        "arriveeClub": "",
        "finContrat": "",
        "formation": "JIFF",
        "instagram": "",
        "twitter": "",
        "image": ""
      },
      {
        "nom": "Boudehent",
        "prenom": "Pierre",
        "poste": "Ailier",
        "taille": 196,
        "poids": 105,
        "age": 21,
        "nationalite": "France",
        "surnom": "",
        "arriveeClub": "",
        "finContrat": "",
        "formation": "JIFF",
        "instagram": "",
        "twitter": "",
        "image": ""
      },
      {
        "nom": "Boughanmi",
        "prenom": "Mohamed",
        "poste": "Pilier",
        "taille": 194,
        "poids": 126,
        "age": 27,
        "nationalite": "France",
        "surnom": "",
        "arriveeClub": "",
        "finContrat": "",
        "formation": "JIFF",
        "instagram": "",
        "twitter": "",
        "image": "boughanmi.png"
      },
      {
        "nom": "Bourdeau",
        "prenom": "Rémi",
        "poste": "3ème ligne",
        "taille": 195,
        "poids": 108,
        "age": 27,
        "nationalite": "France",
        "surnom": "",
        "arriveeClub": "",
        "finContrat": "",
        "formation": "JIFF",
        "instagram": "",
        "twitter": "",
        "image": "bourdeau.png"
      },
      {
        "nom": "Bourgarit",
        "prenom": "Pierre",
        "poste": "Talonneur",
        "taille": 184,
        "poids": 105,
        "age": 21,
        "nationalite": "France",
        "surnom": "",
        "arriveeClub": "",
        "finContrat": "",
        "formation": "JIFF",
        "instagram": "",
        "twitter": "",
        "image": "bourgarit.png"
      },
      {
        "nom": "Camou",
        "prenom": "Romaric",
        "poste": "Arrière",
        "taille": 174,
        "poids": 82,
        "age": 22,
        "nationalite": "France",
        "surnom": "",
        "arriveeClub": "",
        "finContrat": "",
        "formation": "JIFF",
        "instagram": "",
        "twitter": "",
        "image": "camou.png"
      },
      {
        "nom": "Corbel",
        "prenom": "Mike",
        "poste": "Pilier",
        "taille": 179,
        "poids": 118,
        "age": 27,
        "nationalite": "France",
        "surnom": "",
        "arriveeClub": "",
        "finContrat": "",
        "formation": "JIFF",
        "instagram": "",
        "twitter": "",
        "image": "corbel.png"
      },
      {
        "nom": "Demotte",
        "prenom": "William",
        "poste": "2ème ligne",
        "taille": 202,
        "poids": 124,
        "age": 27,
        "nationalite": "France",
        "surnom": "",
        "arriveeClub": "",
        "finContrat": "",
        "formation": "JIFF",
        "instagram": "",
        "twitter": "",
        "image": "demotte.png"
      },
      {
        "nom": "Doumayrou",
        "prenom": "Geoffrey",
        "poste": "Centre",
        "taille": 186,
        "poids": 92,
        "age": 29,
        "nationalite": "France",
        "surnom": "",
        "arriveeClub": "",
        "finContrat": "",
        "formation": "JIFF",
        "instagram": "",
        "twitter": "",
        "image": "doumayrou.png"
      },
      {
        "nom": "Favre",
        "prenom": "Jules",
        "poste": "Ailier",
        "taille": 181,
        "poids": 88,
        "age": 20,
        "nationalite": "France",
        "surnom": "",
        "arriveeClub": "",
        "finContrat": "",
        "formation": "JIFF",
        "instagram": "",
        "twitter": "",
        "image": ""
      },
      {
        "nom": "Forbes",
        "prenom": "Hikairo",
        "poste": "Talonneur",
        "taille": 180,
        "poids": 119,
        "age": 33,
        "nationalite": "Nouvelle-Zélande",
        "surnom": "",
        "arriveeClub": "",
        "finContrat": "",
        "formation": "NON JIFF",
        "instagram": "",
        "twitter": "",
        "image": "forbes.png"
      },
      {
        "nom": "Goillot",
        "prenom": "Jean-Victor",
        "poste": "Mêlée",
        "taille": 170,
        "poids": 69,
        "age": 21,
        "nationalite": "France",
        "surnom": "",
        "arriveeClub": "",
        "finContrat": "",
        "formation": "JIFF",
        "instagram": "",
        "twitter": "",
        "image": ""
      },
      {
        "nom": "Gourdon",
        "prenom": "Kévin",
        "poste": "3ème ligne",
        "taille": 190,
        "poids": 103,
        "age": 29,
        "nationalite": "France",
        "surnom": "",
        "arriveeClub": "",
        "finContrat": "",
        "formation": "JIFF",
        "instagram": "",
        "twitter": "",
        "image": "gourdon.png"
      },
      {
        "nom": "Jolmès",
        "prenom": "Thomas",
        "poste": "2ème ligne",
        "taille": 204,
        "poids": 116,
        "age": 23,
        "nationalite": "France",
        "surnom": "",
        "arriveeClub": "",
        "finContrat": "",
        "formation": "JIFF",
        "instagram": "",
        "twitter": "",
        "image": "jolmes.png"
      },
      {
        "nom": "Joly",
        "prenom": "Arthur",
        "poste": "Pilier",
        "taille": 189,
        "poids": 123,
        "age": 31,
        "nationalite": "France",
        "surnom": "",
        "arriveeClub": "",
        "finContrat": "",
        "formation": "JIFF",
        "instagram": "",
        "twitter": "",
        "image": "joly.png"
      },
      {
        "nom": "Jordaan",
        "prenom": "Paul",
        "poste": "Centre",
        "taille": 180,
        "poids": 88,
        "age": 27,
        "nationalite": "Afrique du sud",
        "surnom": "",
        "arriveeClub": "",
        "finContrat": "",
        "formation": "NON JIFF",
        "instagram": "",
        "twitter": "",
        "image": "jordaan.png"
      },
      {
        "nom": "Kerr-barlow",
        "prenom": "Tawera",
        "poste": "Mêlée",
        "taille": 187,
        "poids": 91,
        "age": 28,
        "nationalite": "Nouvelle-Zélande",
        "surnom": "",
        "arriveeClub": "",
        "finContrat": "",
        "formation": "NON JIFF",
        "instagram": "",
        "twitter": "",
        "image": "kerr-barlow.png"
      },
      {
        "nom": "Kieft",
        "prenom": "Zeno",
        "poste": "3ème ligne",
        "taille": 191,
        "poids": 102,
        "age": 27,
        "nationalite": "Pays-Bas",
        "surnom": "",
        "arriveeClub": "",
        "finContrat": "",
        "formation": "JIFF Formé",
        "instagram": "",
        "twitter": "",
        "image": "kieft.png"
      },
      {
        "nom": "Lafage",
        "prenom": "Maxime",
        "poste": "Ouverture",
        "taille": 183,
        "poids": 84,
        "age": 24,
        "nationalite": "France",
        "surnom": "",
        "arriveeClub": "",
        "finContrat": "",
        "formation": "JIFF",
        "instagram": "",
        "twitter": "",
        "image": "lafage.png"
      },
      {
        "nom": "Lagrange",
        "prenom": "Samuel",
        "poste": "Talonneur",
        "taille": 0,
        "poids": 0,
        "age": 22,
        "nationalite": "France",
        "surnom": "",
        "arriveeClub": "",
        "finContrat": "",
        "formation": "JIFF",
        "instagram": "",
        "twitter": "",
        "image": ""
      },
      {
        "nom": "Lamb",
        "prenom": "Ryan",
        "poste": "Ouverture",
        "taille": 176,
        "poids": 88,
        "age": 32,
        "nationalite": "Angleterre",
        "surnom": "",
        "arriveeClub": "",
        "finContrat": "",
        "formation": "NON JIFF",
        "instagram": "",
        "twitter": "",
        "image": "lamb.png"
      },
      {
        "nom": "Leroux",
        "prenom": "Rémi",
        "poste": "2ème ligne",
        "taille": 0,
        "poids": 0,
        "age": 20,
        "nationalite": "France",
        "surnom": "",
        "arriveeClub": "",
        "finContrat": "",
        "formation": "JIFF",
        "instagram": "",
        "twitter": "",
        "image": ""
      },
      {
        "nom": "Levave",
        "prenom": "Faifili",
        "poste": "3ème ligne",
        "taille": 193,
        "poids": 111,
        "age": 33,
        "nationalite": "Nouvelle-Zélande",
        "surnom": "",
        "arriveeClub": "",
        "finContrat": "",
        "formation": "NON JIFF",
        "instagram": "",
        "twitter": "",
        "image": "levave.png"
      },
      {
        "nom": "Liebenberg",
        "prenom": "Wiaan",
        "poste": "3ème ligne",
        "taille": 189,
        "poids": 105,
        "age": 26,
        "nationalite": "Afrique du sud",
        "surnom": "",
        "arriveeClub": "",
        "finContrat": "",
        "formation": "NON JIFF",
        "instagram": "",
        "twitter": "",
        "image": "liebenberg.png"
      },
      {
        "nom": "Murimurivalu",
        "prenom": "Kini",
        "poste": "Arrière",
        "taille": 176,
        "poids": 97,
        "age": 29,
        "nationalite": "Fidji",
        "surnom": "",
        "arriveeClub": "",
        "finContrat": "",
        "formation": "NON JIFF",
        "instagram": "",
        "twitter": "",
        "image": "murimurivalu.png"
      },
      {
        "nom": "Orioli",
        "prenom": "Jean-Charles",
        "poste": "Talonneur",
        "taille": 179,
        "poids": 110,
        "age": 29,
        "nationalite": "France",
        "surnom": "",
        "arriveeClub": "",
        "finContrat": "",
        "formation": "JIFF",
        "instagram": "",
        "twitter": "",
        "image": "orioli.png"
      },
      {
        "nom": "Pelo",
        "prenom": "Vincent",
        "poste": "Pilier",
        "taille": 187,
        "poids": 130,
        "age": 30,
        "nationalite": "France",
        "surnom": "",
        "arriveeClub": "",
        "finContrat": "",
        "formation": "JIFF",
        "instagram": "",
        "twitter": "",
        "image": "pelo.png"
      },
      {
        "nom": "Plessis-couillaud",
        "prenom": "Brieuc",
        "poste": "Centre",
        "taille": 180,
        "poids": 95,
        "age": 25,
        "nationalite": "France",
        "surnom": "",
        "arriveeClub": "",
        "finContrat": "",
        "formation": "JIFF",
        "instagram": "",
        "twitter": "",
        "image": "plessis.png"
      },
      {
        "nom": "Priso",
        "prenom": "Dany",
        "poste": "Pilier",
        "taille": 182,
        "poids": 110,
        "age": 25,
        "nationalite": "Cameroun",
        "surnom": "",
        "arriveeClub": "",
        "finContrat": "",
        "formation": "JIFF",
        "instagram": "",
        "twitter": "",
        "image": "priso.png"
      },
      {
        "nom": "Puafisi",
        "prenom": "Sila",
        "poste": "Pilier",
        "taille": 183,
        "poids": 128,
        "age": 31,
        "nationalite": "Tonga",
        "surnom": "",
        "arriveeClub": "",
        "finContrat": "",
        "formation": "NON JIFF",
        "instagram": "",
        "twitter": "",
        "image": "puafisi.png"
      },
      {
        "nom": "Qovu",
        "prenom": "Jone",
        "poste": "2ème ligne",
        "taille": 197,
        "poids": 134,
        "age": 33,
        "nationalite": "Fidji",
        "surnom": "",
        "arriveeClub": "",
        "finContrat": "",
        "formation": "NON JIFF",
        "instagram": "",
        "twitter": "",
        "image": "qovu.png"
      },
      {
        "nom": "Rattez",
        "prenom": "Vincent",
        "poste": "Ailier",
        "taille": 180,
        "poids": 78,
        "age": 27,
        "nationalite": "France",
        "surnom": "",
        "arriveeClub": "",
        "finContrat": "",
        "formation": "JIFF",
        "instagram": "",
        "twitter": "",
        "image": "rattez.png"
      },
      {
        "nom": "Retière",
        "prenom": "Arthur",
        "poste": "Arrière",
        "taille": 173,
        "poids": 75,
        "age": 21,
        "nationalite": "France",
        "surnom": "",
        "arriveeClub": "",
        "finContrat": "",
        "formation": "JIFF",
        "instagram": "",
        "twitter": "",
        "image": "retiere.png"
      },
      {
        "nom": "Roudil",
        "prenom": "Eliott",
        "poste": "Ailier",
        "taille": 184,
        "poids": 97,
        "age": 22,
        "nationalite": "France",
        "surnom": "",
        "arriveeClub": "",
        "finContrat": "",
        "formation": "JIFF",
        "instagram": "",
        "twitter": "",
        "image": "roudil.png"
      },
      {
        "nom": "Sazy",
        "prenom": "Romain",
        "poste": "2ème ligne",
        "taille": 199,
        "poids": 105,
        "age": 32,
        "nationalite": "France",
        "surnom": "",
        "arriveeClub": "",
        "finContrat": "",
        "formation": "JIFF",
        "instagram": "",
        "twitter": "",
        "image": "sazy.png"
      },
      {
        "nom": "Sinzelle",
        "prenom": "Jérémy",
        "poste": "Ailier",
        "taille": 184,
        "poids": 88,
        "age": 28,
        "nationalite": "France",
        "surnom": "",
        "arriveeClub": "",
        "finContrat": "",
        "formation": "JIFF",
        "instagram": "",
        "twitter": "",
        "image": "sinzelle.png"
      },
      {
        "nom": "Tanguy",
        "prenom": "Mathieu",
        "poste": "2ème ligne",
        "taille": 195,
        "poids": 110,
        "age": 22,
        "nationalite": "France",
        "surnom": "",
        "arriveeClub": "",
        "finContrat": "",
        "formation": "JIFF Formé",
        "instagram": "",
        "twitter": "",
        "image": "tanguy.png"
      },
      {
        "nom": "Timani",
        "prenom": "Lopeti",
        "poste": "3ème ligne",
        "taille": 193,
        "poids": 124,
        "age": 28,
        "nationalite": "Tonga",
        "surnom": "",
        "arriveeClub": "",
        "finContrat": "",
        "formation": "NON JIFF",
        "instagram": "",
        "twitter": "",
        "image": "timani.png"
      },
      {
        "nom": "Vito",
        "prenom": "Victor",
        "poste": "3ème ligne",
        "taille": 192,
        "poids": 112,
        "age": 32,
        "nationalite": "Nouvelle-Zélande",
        "surnom": "",
        "arriveeClub": "",
        "finContrat": "",
        "formation": "NON JIFF",
        "instagram": "",
        "twitter": "",
        "image": "vito.png"
      },
      {
        "nom": "West",
        "prenom": "Ihaia",
        "poste": "Ouverture",
        "taille": 175,
        "poids": 85,
        "age": 27,
        "nationalite": "Nouvelle-Zélande",
        "surnom": "",
        "arriveeClub": "",
        "finContrat": "",
        "formation": "NON JIFF",
        "instagram": "",
        "twitter": "",
        "image": "west.png"
      }
    ]
}